WHALE,1003
coin,729
BONES,563
KARMA,542
rac,388
ALEX,347
YUMI,324
CHERRY,281
HUE,277
SKULL,265
JAMM,228
FWB,222
MAD,182
GOU,177
RARE,174
FIRST,163
DOOM,161
KERMAN,150
MADCAP,144
BAEPAY,138
CHARGE,122
MM,118
WGM,115
SWAGG,112
RNG,110
MORK,104
BPC,103
MNFT,99
EVAN,92
OHFF,91
KAIJU,90
RODZ,86
BERT,83
DANNY,79
GMX,76
BUDGET,69
YGG,69
JULIEN,69
GCASH,69
FTHR,64
ABST,63
HIVED,63
VIDEO,63
CAMI,62
RDR,59
CAMO,55
JIV,53
DEMIN,51
JOON,50
WARP,49
VESA,49
SAL,48
NESS,48
CURIO,48
RCLE,47
YIN,46
EGGS,45
DABER,45
BUZZ,45
FORCER,44
ALXO,43
MAZO,42
PIXEL,41
DUDE,40
RCDY,39
JULES,38
DVINCI,36
BARD,35
PIANDX,34
SPONT,34
STEADY,33
ITALIA,33
JAY,32
CALVIN,32
VOKE,32
SCB,32
$pew,30
LVLY,30
SUGAR,29
PYGOZ,29
EASY,28
ORTC,28
BETTER,28
SCOTT,27
HOWL,27
HACK,26
BEAR,26
ROGUE,25
PNTCL,24
TLX,24
HUGS,24
VOLLEY,23
FARMER,23
UNITY,23
TING,23
CRAC,22
PXART,22
jake,21
MAGIC,21
GOB,21
MYTBX,21
CHRIS,21
NIMA,21
URBEN,20
DANI,19
HOLLA,19
XHUMAN,19
MARK,18
DBCH,18
CLOUDT,18
CARLOS,17
OSINA,17
PAUL,17
WURST,16
MIN,16
KEVIN,16
SNV,16
NERD,16
TRENT,16
PAPER,15
RDANCE,15
BUDS,15
CAMEL,14
MAX,13
KAMI,13
JDSNAP,13
ZAPH,13
BLANK,12
MILANO,12
MYPH,12
SUSH,12
JJJ,12
DISDAT,12
KANGG,12
VAN,11
HUNTER,11
PAHUEG,11
FAMILY,11
KIPPLE,11
KCG,10
BBB,10
GRR,10
FAB,10
WORTH,10
LADZ,9
SCRIPT,9
AARON,9
WAM,9
CHCH,9
DN,9
PSCL,9
WEEBS,9
TRIP,9
LUNA,8
KNIGHT,8
NIFTY,8
HUEBR,8
KODE,8
FLIPS,7
MARC,7
RFK,7
OBRIEN,7
BOOM,7
SHG,7
GORN,7
AVL,6
AVC,6
RELAY,6
XDAO,6
ZEMP,6
MOTION,6
MTTR,6
NOVA,6
MZ,6
BLAZE,6
WONTON,6
PETER,6
PTR,5
DUMA,5
CRNCH,5
DEN,5
ECNAR,5
VIUVIU,5
CASTER,5
OATS,5
JUNTO,5
SYMX,5
ND,5
AMRITA,5
1337,5
NASZAM,5
NRKY,5
SHREY,4
CASEY,4
JOSH,4
SLOTH,4
CABO,4
ADAM,4
ATS,4
GOTHIC,4
OPG,4
TML,4
STONES,4
JSW,4
WARC,4
JMP,4
ALOK,4
GOLDEN,4
KAV,4
NOM,4
BEN,4
MOOSE,4
GLO,4
OON,4
JACOB,4
BUILD,4
WHISKY,4
JIHO,4
JATTN,4
SWAG,4
INFWEE,4
SIM,4
CYWA,4
GUEY,4
AZIZ,4
ALL,4
JESSE,4
EYE,4
GASM,4
BOBUX,4
DEO,4
UBIPRO,4
LUV,4
AEST,4
RONES,4
TREATS,4
BVA,4
STANI,4
CMNR,4
JEFF,4
GGG,4
DANIEL,4
PIARA,4
BREAD,4
FORK,4
ICONN,4
SUS,4
MJ,4
LOOPIE,3
HDRR,3
BSAP,3
DOWN,3
ROOKS,3
BOBBS,3
NOISE,3
PLAY,3
MILF,3
CWNN,3
VK,3
ATB,3
XMAO,3
PICA,3
DSGN,3
THANKS,3
VLR,3
EXPOP,3
BLACK,3
MAI,3
ECON,3
WOW,3
AWKWRD,3
CIRCL,3
GATT,3